City_ID,City,Country,Lat,Lng,Max Temp,Humidity,Cloudiness,Wind Speed,Current Description
0,Ushuaia,AR,-54.8,-68.3,49.62,49,0,21.85,clear sky
1,Mataura,NZ,-46.1927,168.8643,48.96,62,11,5.19,few clouds
2,Busselton,AU,-33.65,115.3333,49.05,90,62,7.72,broken clouds
3,Akdepe,TM,42.0551,59.3788,51.89,45,100,7.67,overcast clouds
4,Luganville,VU,-15.5333,167.1667,78.48,79,5,5.97,clear sky
5,Albany,US,42.6001,-73.9662,55.22,94,99,7.87,overcast clouds
6,Hailey,US,43.5196,-114.3153,39.06,87,1,6.91,clear sky
7,Iracoubo,GF,5.4802,-53.2011,81.77,80,56,7.07,broken clouds
8,Quang Ngai,VN,15.1167,108.8,74.95,92,14,2.37,few clouds
9,Bambous Virieux,MU,-20.3428,57.7575,75.45,73,40,5.75,scattered clouds
10,Port Elizabeth,ZA,-33.918,25.5701,68.09,72,0,16.11,clear sky
11,Qaanaaq,GL,77.484,-69.3632,1.29,54,0,7.99,clear sky
12,Mar Del Plata,AR,-38.0023,-57.5575,78.82,65,0,9.22,clear sky
13,Swift Current,CA,50.2834,-107.8014,27.41,86,75,12.66,broken clouds
14,Severo-Kurilsk,RU,50.6789,156.125,39.42,82,9,15.03,clear sky
15,Chernyshevskiy,RU,63.0128,112.4714,24.8,96,100,7.34,light snow
16,Isangel,VU,-19.55,169.2667,75.31,78,3,2.3,clear sky
17,Butaritari,KI,3.0707,172.7902,81.41,78,94,7.47,light rain
18,Punta Arenas,CL,-53.15,-70.9167,50.11,46,0,21.85,clear sky
19,Sao Filipe,CV,14.8961,-24.4956,80.82,71,91,11.27,overcast clouds
20,Yumen,CN,40.2833,97.2,41.63,37,7,7.58,clear sky
21,Haines Junction,CA,60.7522,-137.5108,33.75,64,100,8.05,overcast clouds
22,Victoria,HK,22.2855,114.1577,75.25,84,67,1.01,light rain
23,Puksoozero,RU,62.5903,40.6066,43.63,88,100,8.25,overcast clouds
24,Rawson,AR,-43.3002,-65.1023,56.98,36,1,29.19,clear sky
25,Indramayu,ID,-6.3264,108.32,83.71,73,99,4.92,light rain
26,Norman Wells,CA,65.282,-126.8329,19.44,93,90,2.3,light snow
27,Atuona,PF,-9.8,-139.0333,77.22,68,18,17.36,few clouds
28,Praia Da Vitoria,PT,38.7333,-27.0667,75.45,88,40,16.58,scattered clouds
29,Mackay,AU,-21.15,149.2,76.68,88,40,5.75,scattered clouds
30,Karatau,KZ,43.1667,70.4667,46.04,61,97,2.17,overcast clouds
31,Hobyo,SO,5.3505,48.5268,81.41,68,21,15.14,few clouds
32,Muli,MV,2.9167,73.5667,82.81,75,27,13.53,scattered clouds
33,Manutuke,NZ,-38.6833,177.9167,64.98,81,100,10.27,overcast clouds
34,Ladybrand,ZA,-29.1945,27.4574,63.5,34,0,10.89,clear sky
35,Cidreira,BR,-30.1811,-50.2056,71.87,75,75,20.49,broken clouds
36,Rikitea,PF,-23.1203,-134.9692,74.8,83,67,21.07,light rain
37,Livingston,GB,55.9029,-3.5226,50.13,79,20,13.8,few clouds
38,Hilo,US,19.7297,-155.09,80.28,68,20,6.91,few clouds
39,Avera,US,33.194,-82.5271,62.91,61,57,14.52,broken clouds
40,Olavarria,AR,-36.8927,-60.3225,87.33,37,61,5.88,broken clouds
41,Vaini,TO,-21.2,-175.2,71.76,94,20,8.05,few clouds
42,Awjilah,LY,29.1081,21.2869,76.55,30,6,7.49,clear sky
43,Rio Gallegos,AR,-51.6226,-69.2181,57.25,28,0,10.36,clear sky
44,Dodge City,US,37.7528,-100.0171,60.26,53,1,5.01,clear sky
45,Naryan-Mar,RU,67.6713,53.087,16.21,86,99,7.92,overcast clouds
46,Tiksi,RU,71.6872,128.8694,-2.94,98,100,6.82,overcast clouds
47,Kaitangata,NZ,-46.2817,169.8464,51.33,74,83,5.53,broken clouds
48,Bengkulu,ID,-3.8004,102.2655,77.79,90,100,4.85,heavy intensity rain
49,Port Hardy,CA,50.6996,-127.4199,41.0,100,20,4.61,few clouds
50,San Felipe,VE,10.3399,-68.7425,75.65,84,100,1.88,overcast clouds
51,Bubaque,GW,11.2833,-15.8333,75.31,87,100,0.49,light rain
52,Yellowknife,CA,62.456,-114.3525,27.41,100,90,12.66,overcast clouds
53,Bluff,NZ,-46.6,168.3333,53.2,62,13,18.72,few clouds
54,Belmonte,BR,-15.8631,-38.8828,82.4,70,81,7.2,broken clouds
55,Nisia Floresta,BR,-6.0911,-35.2086,90.41,52,69,14.03,broken clouds
56,Tasiilaq,GL,65.6145,-37.6368,26.76,64,18,6.85,few clouds
57,Bagan,RU,54.1001,77.6646,28.56,36,99,8.66,overcast clouds
58,New Norfolk,AU,-42.7826,147.0587,50.92,60,71,5.01,broken clouds
59,Buchanan,LR,5.8808,-10.0467,82.36,79,90,7.94,light rain
60,Port Alfred,ZA,-33.5906,26.891,67.19,80,2,15.46,clear sky
61,Bonavista,CA,48.6499,-53.1147,51.12,68,16,9.46,few clouds
62,Tarnogskiy Gorodok,RU,60.4997,43.5761,44.26,89,100,7.25,overcast clouds
63,Nandu,CN,22.8525,110.8233,66.04,97,100,2.77,overcast clouds
64,Hervey Bay,AU,-25.2986,152.8535,77.04,86,67,9.04,broken clouds
65,Tuktoyaktuk,CA,69.4541,-133.0374,23.0,93,90,9.22,overcast clouds
66,Srednekolymsk,RU,67.45,153.6833,-7.02,99,100,3.69,overcast clouds
67,Ribeira Grande,PT,38.5167,-28.7,72.0,88,75,20.71,broken clouds
68,Sitka,US,57.0531,-135.33,44.49,70,75,9.22,broken clouds
69,Mizque,BO,-17.941,-65.3402,80.58,38,19,10.94,few clouds
70,San Jeronimo,PE,-11.9472,-75.2829,62.98,40,22,2.15,few clouds
71,Hobart,AU,-42.8794,147.3294,51.26,68,40,5.01,scattered clouds
72,Alvaraes,BR,-3.2208,-64.8042,89.47,58,51,4.05,broken clouds
73,East London,ZA,-33.0153,27.9116,67.14,77,20,16.11,few clouds
74,Jamestown,US,42.097,-79.2353,50.02,96,90,3.0,overcast clouds
75,College,US,64.8569,-147.8028,27.66,85,90,0.0,overcast clouds
76,Ilulissat,GL,69.2167,-51.1,33.82,60,75,9.22,light shower snow
77,Barrow,US,71.2906,-156.7887,14.02,79,90,4.61,overcast clouds
78,Sur,OM,22.5667,59.5289,81.63,61,24,11.23,few clouds
79,Hermanus,ZA,-34.4187,19.2345,72.81,74,45,11.7,scattered clouds
80,Chicama,PE,-7.8447,-79.1469,59.54,60,69,8.16,broken clouds
81,Hof,DE,50.3167,11.9167,49.39,71,0,11.5,clear sky
82,Castro,BR,-24.7911,-50.0119,74.14,62,57,6.62,broken clouds
83,Narsaq,GL,60.9167,-46.05,32.22,68,58,4.07,broken clouds
84,West Helena,US,34.5507,-90.6418,55.94,64,16,11.97,few clouds
85,Mayumba,GA,-3.432,10.6554,78.78,85,96,10.51,light rain
86,Evensk,RU,61.95,159.2333,9.61,73,49,9.53,scattered clouds
87,Kirakira,SB,-10.4544,161.9205,81.19,77,99,11.32,overcast clouds
88,Lebu,CL,-37.6167,-73.65,55.02,69,88,19.95,overcast clouds
89,Goderich,CA,43.7501,-81.7165,49.91,81,100,9.22,overcast clouds
90,Athabasca,CA,54.7169,-113.2854,24.62,49,74,10.36,broken clouds
91,Ponta Do Sol,PT,32.6667,-17.1,81.01,70,90,9.31,overcast clouds
92,Malindi,KE,-3.2175,40.1191,82.56,69,20,11.5,few clouds
93,Luderitz,NA,-26.6481,15.1594,67.78,64,1,11.01,clear sky
94,Westport,US,41.1415,-73.3579,64.36,96,90,1.99,moderate rain
95,San Vicente,AR,-26.6167,-54.1333,79.63,61,100,4.36,light rain
96,Tocopilla,CL,-22.092,-70.1979,71.29,58,11,7.31,few clouds
97,Avarua,CK,-21.2078,-159.775,71.65,73,20,9.22,few clouds
98,Souillac,MU,-20.5167,57.5167,75.58,73,40,5.75,scattered clouds
99,Bathsheba,BB,13.2167,-59.5167,86.61,62,40,16.11,scattered clouds
100,Karratha,AU,-20.7377,116.8463,73.42,65,0,8.21,clear sky
101,Beira,MZ,-19.8436,34.8389,78.89,57,20,14.97,few clouds
102,Roma,US,43.2128,-75.4557,54.66,84,90,19.57,overcast clouds
103,Kamenka,RU,51.3223,42.7678,44.29,69,7,6.62,clear sky
104,Chokurdakh,RU,70.6333,147.9167,-7.29,96,99,6.58,overcast clouds
105,Dharangaon,IN,21.0167,75.2667,72.18,47,100,5.93,overcast clouds
106,Kulhudhuffushi,MV,6.6221,73.07,80.49,80,100,6.67,overcast clouds
107,Koutiala,ML,12.3917,-5.4642,90.93,38,93,1.68,overcast clouds
108,Rudnyy,KZ,52.9594,63.1206,37.63,77,100,20.2,overcast clouds
109,Necochea,AR,-38.5473,-58.7368,61.03,65,65,21.72,broken clouds
110,Yerbogachen,RU,61.2767,108.0108,32.05,96,100,11.23,overcast clouds
111,Taoudenni,ML,22.6783,-3.9836,95.11,18,65,4.27,broken clouds
112,Santa Rosalia,MX,27.3167,-112.2833,78.33,30,0,2.04,clear sky
113,Sola,VU,-13.8833,167.55,81.27,74,40,0.0,scattered clouds
114,Dikson,RU,73.5069,80.5464,8.51,91,100,17.36,overcast clouds
115,Am Timan,TD,11.0297,20.2827,87.73,26,65,4.05,broken clouds
116,Halifax,CA,44.6453,-63.5724,52.21,82,40,1.99,scattered clouds
117,Pevek,RU,69.7008,170.3133,1.36,94,100,6.8,overcast clouds
118,Alofi,NU,-19.0595,-169.9187,73.29,78,100,4.61,overcast clouds
119,Leningradskiy,RU,69.3833,178.4167,-6.92,97,100,6.02,overcast clouds
120,Shelburne,CA,44.0787,-80.2041,44.76,100,100,10.2,overcast clouds
121,Arlit,NE,18.7369,7.3853,97.97,8,20,9.69,few clouds
122,El Tambo,CO,1.4181,-77.3968,63.95,69,82,5.55,light rain
123,Henties Bay,NA,-22.116,14.2845,61.86,78,8,9.33,clear sky
124,Fortuna,US,40.5982,-124.1573,58.35,76,90,0.0,overcast clouds
125,Partyzany,UA,46.3314,34.7503,49.55,73,0,14.29,clear sky
126,Bawal,IN,28.0833,76.5833,78.82,33,0,4.61,clear sky
127,Nishihara,JP,26.1842,127.7558,72.68,73,20,10.36,few clouds
128,Longyearbyen,SJ,78.2186,15.6401,21.04,79,20,3.44,few clouds
129,Kahului,US,20.8947,-156.47,72.84,82,1,6.91,clear sky
130,Upernavik,GL,72.7868,-56.1549,24.53,56,100,6.29,overcast clouds
131,Nikolskoye,RU,59.7035,30.7861,46.87,91,72,6.87,broken clouds
132,Eureka,US,40.8021,-124.1637,59.67,95,79,3.15,broken clouds
133,Shrewsbury,GB,52.7101,-2.7521,55.33,75,20,12.66,few clouds
134,Kapaa,US,22.0752,-159.319,71.58,100,1,8.05,clear sky
135,Saskylakh,RU,71.9167,114.0833,6.66,93,100,10.65,overcast clouds
136,Rena,NO,61.1348,11.3641,48.81,96,87,3.18,overcast clouds
137,Redcar,GB,54.6166,-1.06,53.92,72,57,5.99,broken clouds
138,Touros,BR,-5.1989,-35.4608,90.5,58,66,15.86,broken clouds
139,Cape Town,ZA,-33.9258,18.4232,69.89,54,0,5.01,clear sky
140,Bereda,ES,43.2686,-7.5406,62.15,84,100,6.04,overcast clouds
141,Susehri,TR,40.1644,38.0867,53.28,66,63,4.52,broken clouds
142,Gamba,GA,-2.65,10.0,78.55,86,99,10.18,light rain
143,Torbay,CA,47.6666,-52.7314,51.76,56,20,11.5,few clouds
144,Svetlaya,RU,46.5389,138.3297,46.44,57,100,5.79,overcast clouds
145,Pisco,PE,-13.7,-76.2167,62.65,88,90,4.61,mist
146,Baneh,IR,35.9975,45.8853,55.35,57,73,1.74,broken clouds
147,Cherskiy,RU,68.75,161.3,-4.4,99,100,4.74,overcast clouds
148,Kieta,PG,-6.2167,155.6333,78.98,83,93,4.85,overcast clouds
149,Naze,JP,28.3667,129.4833,67.95,76,7,6.85,clear sky
150,Pleasanton,US,37.6624,-121.8747,60.08,92,90,0.0,overcast clouds
151,Tongren,CN,27.7172,109.1853,60.33,87,93,2.66,overcast clouds
152,Airai,TL,-8.9266,125.4092,63.16,91,99,1.01,overcast clouds
153,Coihaique,CL,-45.5752,-72.0662,52.41,50,20,4.61,few clouds
154,Soyo,AO,-6.1349,12.3689,79.54,81,96,12.21,overcast clouds
155,Dunedin,NZ,-45.8742,170.5036,59.81,90,0,11.01,clear sky
156,Guadalupe,MX,25.6833,-100.25,75.34,33,0,4.47,clear sky
157,Thompson,CA,55.7435,-97.8558,32.16,93,75,6.91,broken clouds
158,Kununurra,AU,-15.7667,128.7333,82.38,69,40,5.75,scattered clouds
159,Gat,IL,31.61,34.7642,77.4,62,51,5.66,broken clouds
160,Pangnirtung,CA,66.1451,-65.7125,32.0,100,90,2.3,snow
161,Grand Gaube,MU,-20.0064,57.6608,75.6,78,5,1.01,clear sky
162,Carlisle,US,40.2015,-77.1889,59.23,93,100,2.55,overcast clouds
163,Hlotse,LS,-28.8718,28.045,62.69,36,0,10.51,clear sky
164,Khatanga,RU,71.9667,102.5,2.3,96,100,1.79,overcast clouds
165,Ponta Delgada,PT,37.7333,-25.6667,75.51,94,75,17.27,broken clouds
166,Puerto Ayora,EC,-0.7393,-90.3518,75.16,81,79,9.06,broken clouds
167,Vorukh,TJ,39.8494,70.5838,42.75,41,7,7.43,clear sky
168,Porto Novo,BJ,6.4965,2.6036,87.62,69,100,8.93,overcast clouds
169,Salalah,OM,17.0151,54.0924,82.49,69,20,6.91,few clouds
170,Barinas,VE,8.6226,-70.2075,83.89,80,72,4.81,broken clouds
171,Tuatapere,NZ,-46.1333,167.6833,48.81,82,71,8.9,broken clouds
172,San Patricio,US,28.017,-97.5169,72.32,21,0,5.26,clear sky
173,Tartagal,AR,-22.5164,-63.8013,83.71,58,91,4.76,overcast clouds
174,Diego De Almagro,CL,-26.3667,-70.05,82.71,13,0,8.68,clear sky
175,Bayir,TR,37.2687,28.2167,65.23,89,82,5.08,broken clouds
176,Rancho Palos Verdes,US,33.7445,-118.387,69.12,92,90,1.01,mist
177,Samarai,PG,-10.6167,150.6667,81.45,82,33,9.95,scattered clouds
178,Hithadhoo,MV,-0.6,73.0833,83.01,76,50,15.75,scattered clouds
179,Tilichiki,RU,60.4667,166.1,6.98,96,51,7.65,broken clouds
180,Mahebourg,MU,-20.4081,57.7,75.49,73,40,5.75,scattered clouds
181,Bar Harbor,US,44.3876,-68.2039,55.27,81,90,3.0,overcast clouds
182,Omboue,GA,-1.5746,9.2618,77.92,89,100,10.36,light rain
183,Carnarvon,AU,-24.8667,113.6333,69.87,60,0,19.57,clear sky
184,Klaksvik,FO,62.2266,-6.589,49.12,89,100,12.53,overcast clouds
185,Saldanha,ZA,-33.0117,17.9442,71.65,78,77,16.37,broken clouds
186,Ewa Beach,US,21.3156,-158.0072,72.7,84,1,0.0,clear sky
187,Colac,AU,-38.3333,143.5833,44.08,95,3,3.42,clear sky
188,Along,IN,28.1667,94.7667,61.72,77,1,1.99,clear sky
189,Okha,RU,53.5739,142.9478,30.13,58,89,17.52,overcast clouds
190,Arraial Do Cabo,BR,-22.9661,-42.0278,75.06,73,90,10.36,overcast clouds
191,Poum,NC,-20.2333,164.0167,74.39,76,4,4.61,clear sky
192,Klyuchi,RU,52.2667,79.1667,36.1,83,99,8.14,overcast clouds
193,Sabzevar,IR,36.2126,57.6819,60.08,33,75,6.91,broken clouds
194,Tupiza,BO,-21.45,-65.7167,72.86,13,0,5.17,clear sky
195,Inhambane,MZ,-23.865,35.3833,75.18,64,40,15.99,scattered clouds
196,Broken Hill,AU,-31.95,141.4333,51.51,32,83,6.91,broken clouds
197,Kajaani,FI,64.2273,27.7285,44.65,93,90,6.91,overcast clouds
198,Key Largo,US,25.0865,-80.4473,82.99,56,95,24.07,overcast clouds
199,Lanigan,CA,51.8501,-105.0344,28.29,49,0,13.85,clear sky
200,Sukumo,JP,32.9333,132.7333,60.22,94,98,6.4,overcast clouds
201,Yekaterinoslavka,RU,50.3734,129.1139,26.31,45,17,11.07,few clouds
202,San Cristobal,VE,7.7669,-72.225,80.78,80,100,3.74,overcast clouds
203,Zyryanka,RU,65.75,150.85,3.31,95,100,7.7,overcast clouds
204,Boyolangu,ID,-8.1181,111.8935,77.13,92,100,0.94,overcast clouds
205,Svetlogorsk,BY,52.6333,29.7333,48.25,62,5,9.6,clear sky
206,Esperance,AU,-33.8667,121.9,55.24,70,1,16.6,clear sky
207,Cabo San Lucas,MX,22.8909,-109.9124,80.51,73,26,4.72,scattered clouds
208,Hasaki,JP,35.7333,140.8333,54.0,56,62,8.03,broken clouds
209,Zhigansk,RU,66.7697,123.3711,-4.34,99,84,12.08,broken clouds
210,Saint-Georges,GD,12.0564,-61.7485,85.68,66,40,20.71,scattered clouds
211,Vila Franca Do Campo,PT,37.7167,-25.4333,75.2,92,91,16.44,overcast clouds
212,Newcastleton,GB,55.1796,-2.8127,49.73,92,49,11.45,scattered clouds
213,Merauke,ID,-8.4667,140.3333,80.06,82,66,8.95,broken clouds
214,Portland,US,45.5234,-122.6762,52.43,59,1,3.0,clear sky
215,Waipawa,NZ,-41.4122,175.5153,57.83,81,72,11.68,broken clouds
216,Zhezkazgan,KZ,47.8043,67.7144,43.3,58,100,9.26,overcast clouds
217,Loralai,PK,30.3705,68.598,62.82,16,0,7.81,clear sky
218,Saint George,US,37.1041,-113.5841,68.54,76,1,0.0,clear sky
219,Laguna,US,38.421,-121.4238,62.42,92,90,3.0,overcast clouds
220,Cap Malheureux,MU,-19.9842,57.6142,75.69,78,4,1.01,clear sky
221,Lagoa,PT,39.05,-27.9833,70.29,89,100,25.46,overcast clouds
222,Hualmay,PE,-11.0964,-77.6139,67.57,74,52,7.7,broken clouds
223,Kavaratti,IN,10.5669,72.642,82.38,69,99,2.57,overcast clouds
224,Lorengau,PG,-2.0226,147.2712,82.22,78,98,6.29,overcast clouds
225,Ostrovnoy,RU,68.0531,39.5131,31.12,82,96,9.8,overcast clouds
226,Chuy,UY,-33.6971,-53.4616,72.52,70,98,13.65,overcast clouds
227,Corner Brook,CA,48.9667,-57.9484,55.53,40,58,1.5,broken clouds
228,Peque,CO,7.0212,-75.9093,75.2,72,96,2.04,overcast clouds
229,Vohma,EE,58.6283,25.5483,45.1,86,77,5.46,broken clouds
230,Camacha,PT,33.0833,-16.3333,77.54,69,40,9.22,scattered clouds
231,Provideniya,RU,64.3833,-173.3,12.83,85,97,11.74,overcast clouds
232,Caucaia,BR,-3.7361,-38.6531,85.95,73,40,16.11,scattered clouds
233,Ternate,ID,0.8,127.4,80.38,81,100,1.36,overcast clouds
234,Mayo,US,38.8876,-76.5119,63.12,82,20,7.0,few clouds
235,Bredasdorp,ZA,-34.5322,20.0403,71.28,60,26,9.22,scattered clouds
236,Alice Springs,AU,-23.7,133.8833,60.35,72,90,8.05,light rain
237,Fukue,JP,32.6881,128.8419,63.99,71,44,4.68,scattered clouds
238,Mongoumba,CF,3.6415,18.5936,82.96,68,61,2.59,broken clouds
239,Kenora,CA,49.8167,-94.4337,47.59,76,90,6.91,overcast clouds
240,Olafsvik,IS,64.8945,-23.7142,42.73,87,52,15.73,broken clouds
241,Ullapool,GB,57.8987,-5.1604,51.76,87,65,4.32,broken clouds
242,Pringsewu,ID,-5.3582,104.9744,75.36,96,76,2.55,broken clouds
243,Shahrud,IR,36.4182,54.9763,53.89,49,28,6.6,scattered clouds
244,Seoul,KR,37.5683,126.9778,53.04,90,0,1.14,clear sky
245,Georgetown,MY,5.4112,100.3354,78.73,93,40,5.01,scattered clouds
246,Sorong,ID,-0.8833,131.25,79.11,84,83,5.1,broken clouds
247,Samarkand,UZ,39.6542,66.9597,49.42,62,59,0.0,broken clouds
248,Tuy Hoa,VN,13.0833,109.3,76.23,91,34,3.47,scattered clouds
249,Elat,IL,29.5581,34.9482,85.84,48,91,6.91,overcast clouds
250,Maniitsoq,GL,65.4167,-52.9,35.78,85,100,25.08,overcast clouds
251,Lavrentiya,RU,65.5833,-171.0,10.11,77,59,5.55,broken clouds
252,Mehamn,NO,71.0357,27.8492,37.31,80,83,5.21,broken clouds
253,Lucena,PH,13.9314,121.6172,79.09,87,85,10.89,overcast clouds
254,Fare,PF,-16.7,-151.0167,77.74,72,7,17.76,light rain
255,Vanavara,RU,60.34,102.2797,34.88,74,100,14.83,overcast clouds
256,Pakokku,MM,21.3333,95.1,80.24,74,37,4.38,scattered clouds
257,Victor Harbor,AU,-35.5667,138.6167,51.91,91,3,1.01,clear sky
258,Talnakh,RU,69.4865,88.3972,18.16,96,100,3.65,light snow
259,Vardo,NO,70.3705,31.1107,37.6,75,57,12.97,broken clouds
260,Bitung,ID,1.4451,125.1824,76.05,81,100,4.23,overcast clouds
261,Burns Lake,CA,54.2331,-125.7533,11.62,83,56,1.1,broken clouds
262,Yulara,AU,-25.2406,130.9889,58.84,88,75,8.05,broken clouds
263,Shubarshi,KZ,48.5872,57.1869,45.7,74,63,8.16,broken clouds
264,Elliot,ZA,-31.3333,27.85,58.19,59,17,7.92,few clouds
265,Bosaso,SO,11.2842,49.1816,83.32,68,4,13.02,light rain
266,Jiuquan,CN,39.7432,98.5174,41.54,38,0,5.75,clear sky
267,Kipini,KE,-2.5257,40.5262,80.89,80,82,12.48,broken clouds
268,Calvinia,ZA,-31.4707,19.776,77.52,25,44,2.57,scattered clouds
269,Crestview,US,30.7621,-86.5705,64.24,72,75,7.0,broken clouds
270,Siavonga,ZM,-16.5382,28.7088,87.69,39,0,2.42,clear sky
271,Muros,ES,42.7762,-9.0603,66.24,85,100,9.08,overcast clouds
272,Uni,RU,57.7535,51.4923,39.33,98,100,10.58,overcast clouds
273,Mahon,ES,39.8885,4.2658,70.36,88,75,17.27,broken clouds
274,Eskil,TR,38.4017,33.4131,54.86,50,76,4.45,broken clouds
275,Camana,PE,-16.6228,-72.7111,69.1,72,73,7.36,broken clouds
276,Kimbe,PG,-5.5502,150.1429,76.03,92,87,4.36,overcast clouds
277,Kalinagar,IN,28.6167,80.1,65.62,61,0,3.15,clear sky
278,Imeni Zhelyabova,RU,58.9544,36.5956,43.23,94,31,5.66,scattered clouds
279,Salvador,SV,13.8333,-88.9167,79.2,72,95,3.91,overcast clouds
280,Madang,PG,-5.2246,145.7966,78.51,89,99,6.11,overcast clouds
281,Ugoofaaru,MV,5.6667,73.0,81.63,73,91,8.32,overcast clouds
282,Herat,AF,34.5,62.0,61.02,22,8,8.5,clear sky
283,Atambua,ID,-9.1061,124.8925,77.63,79,100,0.4,overcast clouds
284,Kalmunai,LK,7.4167,81.8167,79.77,82,68,7.31,broken clouds
285,Saint-Philippe,RE,-21.3585,55.7679,74.79,81,65,5.14,broken clouds
286,Batticaloa,LK,7.7102,81.6924,80.56,80,73,6.71,light rain
287,Umm Lajj,SA,25.0213,37.2685,84.02,51,52,8.37,broken clouds
288,Honiara,SB,-9.4333,159.95,77.94,87,39,6.44,scattered clouds
289,Baghdad,IQ,33.3406,44.4009,85.91,48,75,16.11,broken clouds
290,Doha,QA,25.2867,51.5333,84.51,68,20,5.75,few clouds
291,Havoysund,NO,70.9963,24.6622,38.28,68,76,1.79,broken clouds
292,Karlstad,SE,59.3793,13.5036,50.56,100,90,9.22,overcast clouds
293,Amazar,RU,53.858,120.875,21.38,60,17,2.21,few clouds
294,Olinda,BR,-8.0089,-34.8553,83.93,61,40,10.36,scattered clouds
295,Pingdingshan,CN,33.7385,113.3012,63.45,63,53,3.56,broken clouds
296,Kutoarjo,ID,-7.7169,109.9128,77.86,92,100,2.19,overcast clouds
297,Ilebo,CD,-4.3167,20.5833,80.73,67,68,4.76,broken clouds
298,Tupik,RU,54.4253,119.9327,22.01,42,32,3.98,scattered clouds
299,Mogadishu,SO,2.0371,45.3438,79.74,78,3,11.59,clear sky
300,Vila Velha,BR,-20.3297,-40.2925,76.95,78,75,9.22,broken clouds
301,Marzuq,YE,14.4,46.4667,77.22,48,99,7.63,overcast clouds
302,Oranjestad,AW,12.524,-70.027,85.95,70,40,19.57,scattered clouds
303,Walvis Bay,NA,-22.9575,14.5053,67.15,63,0,10.36,clear sky
304,Puke,AL,42.0444,19.8997,53.69,70,0,6.26,clear sky
305,Port Keats,AU,-14.25,129.55,83.17,77,98,7.94,overcast clouds
306,Shakhtinsk,KZ,49.71,72.5872,36.16,60,98,12.86,overcast clouds
307,Kawalu,ID,-7.3817,108.2082,73.11,98,100,1.1,overcast clouds
308,Latung,PH,5.5,120.8833,83.68,74,90,4.16,overcast clouds
309,Petropavl,KZ,54.8753,69.1628,29.95,97,100,13.13,light snow
310,Williamsburg,US,37.2707,-76.7075,66.76,69,1,4.61,clear sky
311,Tezu,IN,27.9167,96.1667,66.79,57,1,4.5,clear sky
312,Warka,PL,51.7843,21.1909,60.91,53,35,12.86,scattered clouds
313,Clyde River,CA,70.4692,-68.5914,32.23,100,90,14.97,snow
314,Faanui,PF,-16.4833,-151.75,78.28,69,12,17.09,few clouds
315,Guadalupe Y Calvo,MX,26.1,-106.9667,62.15,42,0,3.0,clear sky
316,Bethel,US,41.3712,-73.414,62.49,92,90,1.01,light rain
317,Mpraeso,GH,6.5932,-0.7346,84.15,59,83,4.7,broken clouds
318,Murwara,IN,23.85,80.4,65.7,53,73,2.24,broken clouds
319,Axim,GH,4.8699,-2.2405,82.36,74,73,9.19,broken clouds
320,Copperas Cove,US,31.1241,-97.9031,70.56,36,1,0.0,clear sky
321,Gornopravdinsk,RU,60.05,69.9,23.74,96,100,4.07,light snow
322,Guanica,PR,17.9716,-66.908,89.2,65,1,5.99,clear sky
323,Ahipara,NZ,-35.1667,173.1667,62.35,96,100,17.36,heavy intensity rain
324,Fairbanks,US,64.8378,-147.7164,29.1,87,75,9.22,broken clouds
325,Gannan,CN,47.9147,123.5031,29.89,42,79,11.77,broken clouds
326,Upata,VE,8.0086,-62.3989,85.19,74,59,4.05,broken clouds
327,Egvekinot,RU,66.3167,-179.1667,-2.63,86,84,10.16,broken clouds
328,Mamallapuram,IN,12.6264,80.1722,81.7,81,97,10.11,overcast clouds
329,Talcahuano,CL,-36.7167,-73.1167,60.48,67,0,11.5,clear sky
330,Akyab,MM,20.15,92.9,80.4,78,5,6.06,clear sky
331,Maceio,BR,-9.6658,-35.7353,87.24,54,75,5.75,broken clouds
332,Khani,GE,41.9563,42.9566,54.97,75,22,5.97,few clouds
333,Hokitika,NZ,-42.7167,170.9667,53.11,79,28,14.16,scattered clouds
334,Kaputa,ZM,-8.4689,29.6619,80.11,57,35,9.82,scattered clouds
335,Kapit,MY,2.0167,112.9333,75.31,98,100,0.81,overcast clouds
336,Timizart,DZ,36.8,4.2667,72.21,41,100,2.19,overcast clouds
337,Ayan,RU,56.45,138.1667,23.85,50,2,14.5,clear sky
338,Biak,ID,-0.9131,122.8766,76.46,86,71,2.75,broken clouds
339,Villa Bruzual,VE,9.3328,-69.1208,73.72,95,100,0.87,overcast clouds
340,Savinka,RU,50.0785,47.0994,45.07,61,20,8.05,few clouds
341,Tual,ID,-5.6667,132.75,82.98,75,93,7.0,overcast clouds
342,Laje,BR,-10.1833,-40.9667,91.4,21,4,9.24,clear sky
343,Ayagoz,KZ,47.9714,80.4392,39.07,59,100,7.27,overcast clouds
344,Tungi,BD,23.89,90.4058,80.6,61,0,9.22,haze
345,Road Town,VG,18.4167,-64.6167,86.04,66,20,10.36,few clouds
346,Plettenberg Bay,ZA,-34.0527,23.3716,63.77,80,3,3.96,clear sky
347,Katsuura,JP,35.1333,140.3,59.11,60,29,4.74,scattered clouds
348,Isla Mujeres,MX,21.2311,-86.731,78.17,54,93,10.51,overcast clouds
349,Xingyi,CN,24.1877,102.817,56.71,99,79,3.65,broken clouds
350,West Wendover,US,40.7391,-114.0733,42.01,81,40,0.0,scattered clouds
351,Skibbereen,IE,51.55,-9.2667,51.6,71,92,15.48,overcast clouds
352,Bad Lippspringe,DE,51.7833,8.8167,56.25,73,100,8.99,overcast clouds
353,Balkanabat,TM,39.5108,54.3671,58.87,50,91,3.15,overcast clouds
354,Yinchuan,CN,38.4681,106.2731,47.39,33,0,5.39,clear sky
355,Ajaccio,FR,42.0,8.9167,64.38,52,0,3.44,clear sky
356,Zverinogolovskoye,RU,54.4586,64.8542,34.48,97,100,17.45,light rain
357,Hovd,MN,48.0056,91.6419,35.31,50,73,5.73,broken clouds
358,Tarko-Sale,RU,64.9225,77.785,15.04,93,100,18.59,light snow
359,Riyadh,SA,24.6877,46.7219,84.34,30,79,7.65,broken clouds
360,Ziro,IN,27.6333,93.8333,46.83,83,22,1.74,few clouds
361,Marienburg,PL,54.0359,19.0266,55.96,71,39,8.79,scattered clouds
362,Stornoway,GB,58.2093,-6.3865,53.92,76,20,4.61,few clouds
363,Kpandae,GH,8.4689,-0.0113,89.31,52,100,3.89,overcast clouds
364,Lata,PT,40.1629,-8.3327,67.05,82,100,4.36,light rain
365,Lompoc,US,34.6391,-120.4579,61.92,91,90,0.0,mist
366,Nome,US,64.5011,-165.4064,6.87,85,1,0.0,clear sky
367,Kodiak,US,57.79,-152.4072,47.71,87,90,24.16,mist
368,Salinas,US,36.6777,-121.6555,60.39,95,90,0.0,mist
369,Padang,ID,-0.9492,100.3543,75.25,88,100,2.98,overcast clouds
370,Norilsk,RU,69.3535,88.2027,18.5,96,100,2.59,light snow
371,Comodoro Rivadavia,AR,-45.8667,-67.5,51.66,58,40,18.41,scattered clouds
372,Hamilton,US,39.1834,-84.5333,55.98,96,90,1.99,mist
373,Sobolevo,RU,54.4299,31.8996,47.35,84,39,10.49,scattered clouds
374,Geraldton,AU,-28.7667,114.6,59.41,77,0,6.91,clear sky
375,Adrar,MR,20.5022,-10.0711,89.01,13,100,9.33,overcast clouds
376,Valparaiso,CL,-33.0393,-71.6273,64.63,74,40,6.91,haze
377,Edgewater,US,28.9889,-80.9023,70.23,48,32,10.54,scattered clouds
378,Tyler,US,32.3513,-95.3011,62.62,52,0,1.01,clear sky
379,Derzhavinsk,KZ,51.1,66.3167,41.85,68,100,19.91,overcast clouds
380,Missoula,US,47.0166,-113.8009,30.52,82,7,1.63,clear sky
381,Yarada,IN,17.65,83.2667,80.92,89,20,2.3,mist
382,Suntar,RU,62.1444,117.6319,22.78,93,100,8.05,light snow
383,Tari,NG,12.4086,4.4914,97.68,13,44,3.22,scattered clouds
384,Kuznechikha,RU,57.2161,42.3348,46.02,93,73,8.46,broken clouds
385,Miraflores,MX,19.2167,-98.8083,61.45,56,98,2.95,overcast clouds
386,El Alto,PE,-4.2714,-81.2147,73.06,71,58,11.14,broken clouds
387,Guerrero Negro,MX,27.9769,-114.0611,68.97,71,0,5.28,clear sky
388,Popondetta,PG,-8.7537,148.2534,73.04,95,96,3.33,light rain
389,Pilar,BR,-9.5972,-35.9567,85.93,46,45,10.6,scattered clouds
390,Sfantu Gheorghe,RO,45.8667,25.7833,49.82,68,0,6.4,clear sky
391,Cayenne,GF,4.9333,-52.3333,89.64,75,84,5.99,broken clouds
392,La Rioja,ES,42.25,-2.5,59.04,63,100,2.8,overcast clouds
393,Sovetskiy,RU,61.3614,63.5842,18.28,99,92,3.13,overcast clouds
394,Pacific Grove,US,36.6177,-121.9166,59.97,95,90,3.0,mist
395,Broome,US,42.2506,-75.833,54.01,82,90,1.99,overcast clouds
396,Santiago Del Estero,AR,-27.7951,-64.2615,95.2,32,0,8.52,clear sky
397,Ajdabiya,LY,30.7554,20.2263,70.66,64,5,7.87,clear sky
398,Clifton Springs,AU,-38.15,144.5667,50.14,90,2,5.99,clear sky
399,Houma,US,29.5958,-90.7195,62.01,75,0,9.78,clear sky
400,Nanortalik,GL,60.1432,-45.2371,35.22,72,47,4.36,scattered clouds
401,Saint Anthony,US,45.0205,-93.218,48.88,90,1,3.0,fog
402,Inirida,CO,3.8653,-67.9239,86.11,68,95,2.01,overcast clouds
403,Pasighat,IN,28.0667,95.3333,67.1,69,2,4.14,clear sky
404,Flinders,AU,-34.5833,150.8552,57.79,77,22,1.99,few clouds
405,Erzin,TR,36.9559,36.2,72.12,66,63,7.18,broken clouds
406,Likasi,CD,-10.9814,26.7333,82.44,33,46,9.82,scattered clouds
407,Sistranda,NO,63.7256,8.834,52.9,81,67,5.68,broken clouds
408,Narok,KE,-1.0783,35.8601,65.41,68,99,7.74,light rain
409,Yar-Sale,RU,66.8333,70.8333,11.3,89,100,18.37,overcast clouds
410,Xiamen,CN,24.4798,118.0819,73.26,64,20,8.95,light rain
411,Asyut,EG,27.181,31.1837,89.78,25,100,6.51,overcast clouds
412,Sikasso,ML,10.9167,-7.0,90.07,47,85,1.23,overcast clouds
413,Korla,CN,41.7597,86.1469,54.57,27,100,4.63,overcast clouds
414,Asau,RO,46.4333,26.4,51.76,82,1,2.24,clear sky
415,Shenjiamen,CN,29.9576,122.298,63.68,81,0,10.04,clear sky
416,Acarau,BR,-2.8856,-40.12,84.43,62,63,15.35,broken clouds
417,Dudinka,RU,69.4058,86.1778,16.07,95,100,6.93,light snow
418,Saint-Michel-Des-Saints,CA,46.6834,-73.9159,44.94,68,100,8.72,overcast clouds
419,Orikum,AL,40.3253,19.4714,63.27,68,0,2.33,clear sky
420,Grindavik,IS,63.8424,-22.4338,46.35,76,20,6.91,few clouds
421,Shingu,JP,33.7333,135.9833,61.57,85,100,5.44,overcast clouds
422,Hami,CN,42.8,93.45,52.61,37,99,2.95,overcast clouds
423,Sept-Iles,CA,50.2001,-66.3821,50.43,69,20,1.99,few clouds
424,Mecca,SA,21.4267,39.8261,85.91,41,0,8.79,clear sky
425,Port Hedland,AU,-20.3167,118.5667,71.65,88,0,4.61,clear sky
426,Santa Barbara,US,34.7333,-120.0343,61.14,50,20,1.07,few clouds
427,Tahe,CN,52.3333,124.7333,22.55,48,3,2.48,clear sky
428,Kloulklubed,PW,7.0419,134.2556,83.07,79,100,13.67,moderate rain
429,The Valley,AI,18.217,-63.0578,86.09,61,20,14.97,few clouds
430,Robat Karim,IR,35.4846,51.0829,64.26,52,75,6.91,broken clouds
431,Margate,GB,51.3813,1.3862,57.06,73,94,1.99,overcast clouds
432,Bijapur,IN,16.8333,75.7,81.43,53,97,10.67,overcast clouds
433,Bolshoye Selo,RU,57.7177,38.9334,47.53,91,69,9.01,broken clouds
434,Zhifang,CN,30.35,114.3167,73.0,52,70,3.74,light rain
435,Vila,PT,42.0304,-8.1588,56.28,89,100,5.06,overcast clouds
436,Changli,CN,39.7042,119.1506,55.06,75,99,4.05,overcast clouds
437,Poya,NC,-21.35,165.15,70.66,84,1,2.75,clear sky
438,Bagdarin,RU,54.4333,113.6,22.05,62,44,0.49,scattered clouds
439,Tromso,NO,69.6496,18.957,35.38,86,0,2.3,clear sky
440,Ihlow,DE,51.8833,13.3333,56.39,54,75,12.66,broken clouds
441,Vermilion,US,40.1667,-87.7506,55.56,91,90,3.0,overcast clouds
442,Mardin,TR,37.3131,40.7436,59.11,60,100,5.61,overcast clouds
443,Chardara,KZ,41.2547,67.9692,55.38,50,100,9.66,overcast clouds
444,Vostok,RU,46.4856,135.8833,35.01,71,100,0.89,overcast clouds
445,Price,US,39.5994,-110.8107,45.66,70,1,0.0,clear sky
446,Sisimiut,GL,66.9395,-53.6735,32.67,77,100,16.87,overcast clouds
447,Matadi,CD,-5.8167,13.45,85.96,66,88,7.99,light rain
448,Chilca,PE,-12.5211,-76.7372,67.84,75,96,7.38,overcast clouds
449,Floro,NO,61.5996,5.0328,53.56,62,75,13.8,broken clouds
450,Pangody,RU,65.85,74.4859,14.02,93,100,16.53,overcast clouds
451,Bairiki,KI,1.3292,172.9752,80.6,83,20,2.3,few clouds
452,Katubao,PH,5.8892,124.8294,80.13,81,65,1.39,broken clouds
453,Peterhead,GB,57.5058,-1.7981,51.12,89,100,4.7,overcast clouds
454,Kruisfontein,ZA,-34.0033,24.7314,65.88,75,2,10.25,clear sky
455,Dingle,PH,10.9995,122.6711,75.51,92,90,7.58,overcast clouds
456,Port Macquarie,AU,-31.4333,152.9167,57.88,94,90,13.8,overcast clouds
457,Port Moresby,PG,-9.4431,147.1797,76.42,94,75,2.3,broken clouds
458,Luau,AO,-10.7073,22.2247,77.99,63,93,3.31,overcast clouds
459,Zabaykalsk,RU,49.6333,117.3167,23.32,44,5,3.38,clear sky
460,Antalaha,MG,-14.9003,50.2788,74.97,81,4,9.64,clear sky
461,Norwich,GB,52.6278,1.2983,55.83,74,20,3.0,few clouds
462,Yaqui,MX,27.3667,-110.1667,79.34,51,0,7.85,clear sky
463,Kambing,PH,5.9465,121.3076,79.95,80,84,3.27,broken clouds
464,Lastoursville,GA,-0.8143,12.7287,77.61,93,100,1.21,moderate rain
465,Lazaro Cardenas,MX,17.9583,-102.2,81.95,71,5,2.57,clear sky
466,Surt,LY,31.2089,16.5887,74.46,50,0,6.49,clear sky
467,Oyama,JP,36.3,139.8,60.58,62,76,4.76,broken clouds
468,Manicore,BR,-5.8092,-61.3003,97.7,37,22,4.09,few clouds
469,Magistralnyy,RU,56.1725,107.4458,31.12,61,100,5.68,overcast clouds
470,Charters Towers,AU,-20.1,146.2667,72.5,80,2,8.16,clear sky
471,Kudahuvadhoo,MV,2.6708,72.8944,82.78,76,22,12.62,few clouds
472,Natal,BR,-5.795,-35.2094,90.25,58,20,16.11,few clouds
473,Sorland,NO,67.667,12.6934,48.15,93,100,17.78,light rain
474,Kutum,SD,14.2,24.6667,82.44,13,11,5.68,few clouds
475,Zenzeli,RU,45.9241,47.0474,50.67,63,0,5.28,clear sky
476,Santiago,CL,-33.4569,-70.6483,81.84,28,0,3.44,clear sky
477,Pitsunda,GE,43.1592,40.3378,56.71,65,14,5.75,few clouds
478,Luwuk,ID,-0.9516,122.7875,77.65,87,73,3.44,broken clouds
479,La Primavera,CO,5.4906,-70.4092,80.96,78,88,3.2,overcast clouds
480,Ilhabela,BR,-23.7781,-45.3581,70.59,92,99,10.94,overcast clouds
481,Prince Rupert,CA,54.3161,-130.3201,44.29,76,100,14.97,overcast clouds
482,Boca Do Acre,BR,-8.7522,-67.3978,100.54,30,8,2.75,clear sky
483,Najran,SA,17.4924,44.1277,77.65,31,0,9.73,clear sky
484,Rivers,CA,50.0308,-100.2403,38.35,56,74,14.72,broken clouds
485,Sena Madureira,BR,-9.0656,-68.6569,99.75,30,14,3.22,few clouds
486,Maksatikha,RU,57.797,35.8825,47.34,91,38,7.92,scattered clouds
487,Chunar,IN,25.1333,82.9,73.45,49,0,5.08,clear sky
488,Sarangani,PH,5.4033,125.4636,83.53,73,100,8.55,overcast clouds
489,Elko,US,41.0002,-115.5012,35.62,43,100,3.71,overcast clouds
490,Erzurum,TR,40.0,41.5,42.48,94,100,5.21,light rain
491,Constantine,DZ,36.365,6.6147,76.41,25,0,9.22,clear sky
492,Buin,CL,-33.7333,-70.75,82.72,14,9,7.54,clear sky
493,Aquiraz,BR,-3.9014,-38.3911,86.09,65,44,13.44,scattered clouds
494,Gushikawa,JP,26.3544,127.8686,72.63,88,1,3.44,clear sky
495,Kilindoni,TZ,-7.9139,39.6668,79.48,77,20,11.43,few clouds
496,Porto Walter,BR,-8.2686,-72.7439,97.27,36,10,2.44,clear sky
497,Porbandar,IN,21.6422,69.6093,80.96,35,73,9.78,broken clouds
498,Stokmarknes,NO,68.5646,14.9108,45.5,85,100,5.41,overcast clouds
499,Fort Nelson,CA,58.8053,-122.7002,20.79,68,1,5.75,clear sky
500,Aykhal,RU,66.0,111.5,11.57,99,100,6.55,overcast clouds
501,Kalach-Na-Donu,RU,48.691,43.5264,38.52,58,1,1.05,clear sky
502,Codrington,AU,-38.2667,141.9667,42.49,92,1,7.34,clear sky
503,Oriximina,BR,-1.7656,-55.8661,92.98,45,30,5.39,scattered clouds
504,Koumac,NC,-20.5667,164.2833,71.92,83,2,2.68,clear sky
505,Los Llanos De Aridane,ES,28.6585,-17.9182,71.35,86,40,4.61,scattered clouds
506,Nelson Bay,AU,-32.7167,152.15,60.12,74,100,1.01,overcast clouds
507,Mehriz,IR,31.5917,54.4318,63.1,27,3,2.37,clear sky
508,Ambilobe,MG,-13.2,49.05,77.65,75,30,3.87,scattered clouds
509,Baruun-Urt,MN,46.6806,113.2792,24.35,37,93,4.45,overcast clouds
510,Abha,SA,18.2164,42.5053,70.05,20,0,11.5,clear sky
511,Havelock,US,34.8791,-76.9013,64.94,70,1,5.01,clear sky
512,Berlevag,NO,70.8578,29.0864,38.14,79,85,7.81,overcast clouds
513,Progreso,MX,21.2833,-89.6667,82.11,50,10,11.18,clear sky
514,Bontang,ID,0.1333,117.5,76.57,90,84,4.7,broken clouds
515,Del Rio,US,29.3627,-100.8968,69.82,35,1,1.99,clear sky
516,Kalyazin,RU,57.2403,37.8433,47.48,92,39,10.0,scattered clouds
517,Finschhafen,PG,-6.6024,147.8681,79.32,82,89,8.86,overcast clouds
518,Chiredzi,ZW,-21.05,31.6667,88.79,26,2,6.42,clear sky
519,Hay River,CA,60.8156,-115.7999,30.18,86,75,12.66,broken clouds
520,Bethanien,NA,-26.502,17.1583,89.1,7,0,7.49,clear sky
521,Port Lincoln,AU,-34.7333,135.8667,52.07,70,5,7.0,clear sky
522,Mocuba,MZ,-16.8392,36.9856,77.9,50,1,10.74,clear sky
523,Muhos,FI,64.808,25.9931,48.7,90,92,8.79,overcast clouds
524,Gobabis,NA,-22.45,18.9667,88.29,9,0,19.35,clear sky
525,Cua,VE,10.1589,-66.8858,82.02,71,82,2.17,broken clouds
526,Aksarka,RU,66.5606,67.7975,-1.17,94,46,7.16,scattered clouds
527,Mucurapo,TT,10.6667,-61.5333,89.02,66,92,5.44,overcast clouds
528,Wattegama,LK,6.7989,81.4808,74.32,93,98,3.04,overcast clouds
529,Oranjemund,NA,-28.55,16.4333,65.34,75,5,16.69,clear sky
530,Te Anau,NZ,-45.4167,167.7167,46.67,93,75,7.34,broken clouds
531,Billings,US,45.7833,-108.5007,41.92,83,98,5.01,overcast clouds
532,Rocha,UY,-34.4833,-54.3333,73.42,70,100,11.14,overcast clouds
533,Huancavelica,PE,-12.7667,-74.9833,52.48,44,44,8.9,scattered clouds
534,Zaysan,KZ,47.4667,84.8667,44.82,53,100,2.71,overcast clouds
535,Vianopolis,BR,-16.7419,-48.5164,87.85,31,96,6.31,overcast clouds
536,Hargeysa,SO,9.56,44.065,67.35,75,29,16.02,scattered clouds
537,Camiri,BO,-20.05,-63.5167,78.58,57,90,5.75,overcast clouds
538,Olkhovka,RU,53.2115,60.6069,37.94,78,100,20.4,overcast clouds
539,Atherton,GB,53.5237,-2.4935,54.95,72,7,1.99,clear sky
540,Arvika,SE,59.6553,12.5852,50.7,94,73,4.23,broken clouds
541,Pauini,BR,-7.7136,-66.9764,99.45,32,64,2.82,broken clouds
542,Langarud,IR,37.197,50.1535,60.85,73,100,2.46,overcast clouds
543,Valjevo,RS,44.2751,19.8982,58.01,67,0,7.23,clear sky
544,Sao Joao Da Barra,BR,-21.6403,-41.0511,77.09,81,100,12.62,overcast clouds
545,Qaqortoq,GL,60.7167,-46.0333,32.65,76,54,2.86,broken clouds
546,Pimentel,PE,-6.8367,-79.9342,70.09,64,0,8.05,clear sky
547,Grimsby,GB,53.5654,-0.0755,55.69,67,20,17.27,few clouds
548,Sibu,MY,2.3,111.8167,80.91,94,40,0.0,scattered clouds
549,Newport,GB,51.5877,-2.9984,56.19,87,47,15.21,scattered clouds
550,Eggenfelden,DE,48.4054,12.7626,55.04,85,84,4.07,broken clouds
551,Tiarei,PF,-17.5333,-149.3333,75.22,75,16,16.35,few clouds
552,Half Moon Bay,US,37.4636,-122.4286,60.96,94,90,1.99,fog
553,Falkenberg,SE,56.9055,12.4912,53.74,86,100,9.69,overcast clouds
554,Boda,CF,4.3189,17.4695,78.6,79,42,4.63,light rain
555,San Carlos,VE,9.6612,-68.5827,74.89,94,100,1.36,overcast clouds
556,Drovyanaya,RU,51.5833,113.0333,11.71,50,15,3.11,few clouds
557,Sol-Iletsk,RU,51.1631,54.9918,42.53,64,77,13.44,broken clouds
558,Mandalgovi,MN,45.7625,106.2708,30.25,72,7,6.2,clear sky
559,Glen Allen,US,37.666,-77.5064,62.26,79,52,3.0,broken clouds
560,Conway,US,35.0887,-92.4421,58.62,74,75,13.8,broken clouds
561,Maryville,US,35.7565,-83.9705,55.65,96,100,3.0,moderate rain
562,Port Angeles,US,48.1181,-123.4307,47.05,87,1,4.61,clear sky
563,Lena,ES,43.1,-5.7333,55.4,73,100,3.06,overcast clouds
564,Kavieng,PG,-2.5744,150.7967,83.16,75,61,13.06,broken clouds
565,Sinjar,IQ,36.3209,41.8754,68.2,47,99,16.44,overcast clouds
566,Ancud,CL,-41.8697,-73.8203,54.93,46,0,4.38,clear sky
567,Hambantota,LK,6.1241,81.1185,75.54,100,40,1.14,scattered clouds
568,Ketchikan,US,55.3422,-131.6461,39.83,96,100,3.29,overcast clouds
569,Buraydah,SA,26.326,43.975,86.45,20,0,9.37,clear sky
570,Maltahohe,NA,-24.8333,16.9833,85.17,4,0,20.02,clear sky
571,San Francisco,US,37.7749,-122.4194,61.12,93,75,1.01,broken clouds
572,Banjar,ID,-8.19,114.9675,78.66,89,100,2.26,overcast clouds
573,Sarkand,KZ,45.41,79.9186,44.02,65,94,3.02,overcast clouds
574,Tazovskiy,RU,67.4667,78.7,15.62,95,100,13.8,light snow
575,Devils Lake,US,48.1128,-98.8651,41.11,84,100,11.01,overcast clouds
576,Port Blair,IN,11.6667,92.75,81.45,80,95,2.68,overcast clouds
577,Saryg-Sep,RU,51.5,95.6,32.67,66,64,3.31,broken clouds
578,Watertown,US,42.3709,-71.1828,60.06,95,90,4.0,mist
579,Natchez,US,31.5604,-91.4032,57.25,72,90,5.75,overcast clouds
580,Crotone,IT,39.0851,17.1178,57.92,76,51,7.25,broken clouds
581,Ixtapa,MX,20.7,-105.2,82.22,83,5,3.0,clear sky
582,Husavik,IS,66.0449,-17.3389,39.11,96,100,10.25,overcast clouds
583,Mayna,RU,54.1135,47.6231,47.21,86,74,12.77,broken clouds
584,Devonport,AU,-41.1667,146.35,48.09,77,82,10.69,broken clouds
585,High Rock,BS,26.6208,-78.2833,82.42,63,31,26.46,scattered clouds
586,Namatanai,PG,-3.6667,152.4333,79.25,81,66,7.47,moderate rain
587,Coquimbo,CL,-29.9533,-71.3436,58.73,82,90,5.75,overcast clouds
588,Malatya,TR,38.5,38.0,51.85,82,75,3.44,broken clouds
589,Erzincan,TR,39.75,39.5,47.91,89,34,6.08,light rain
590,Bianzhuang,CN,34.8486,118.0447,59.45,64,1,3.98,light rain
591,Wilmington,US,34.2257,-77.9447,66.85,61,1,9.22,clear sky
592,Vanimo,PG,-2.6741,141.3028,78.49,87,75,2.55,broken clouds
593,Jamui,IN,24.9167,86.2167,68.68,56,0,4.07,clear sky
594,Karoi,ZW,-16.8099,29.6925,81.9,29,89,3.24,overcast clouds
595,Awbari,LY,26.5921,12.7805,80.24,23,2,5.88,clear sky
596,Bhinmal,IN,25.0,72.25,77.61,22,12,5.37,few clouds
597,Yacuiba,BO,-22.038,-63.6797,83.34,55,90,5.1,overcast clouds
598,San Rafael,AR,-34.6177,-68.3301,76.33,23,65,23.96,broken clouds
599,Morro Bay,US,35.3658,-120.8499,56.28,99,64,2.71,broken clouds
600,Mount Gambier,AU,-37.8333,140.7667,44.51,93,90,5.75,overcast clouds
601,Dongsheng,CN,39.8161,109.9776,34.81,47,4,10.22,clear sky
602,Tigzirt,DZ,36.8886,4.1198,73.62,49,100,3.38,overcast clouds
603,Uncia,BO,-18.467,-66.5685,61.29,24,1,3.74,clear sky
604,Cabinda,AO,-5.55,12.2,79.61,82,92,12.39,overcast clouds
605,Vieux-Habitants,GP,16.0589,-61.7659,85.57,66,2,11.95,clear sky
606,Pogradec,AL,40.9025,20.6525,51.8,59,0,4.18,clear sky
607,Paita,PE,-5.0892,-81.1144,75.76,68,63,9.35,broken clouds
608,Chateaubelair,VC,13.2833,-61.25,86.61,70,75,9.22,broken clouds
609,Biltine,TD,14.5333,20.9167,92.93,13,82,8.1,broken clouds
610,Bardiyah,LY,31.7561,25.0865,72.63,64,28,9.71,scattered clouds
611,Pochutla,MX,15.7432,-96.4661,83.82,65,98,4.43,overcast clouds
612,Yaya,RU,56.206,86.44,26.26,63,87,10.33,overcast clouds
613,Salinopolis,BR,-0.6136,-47.3561,84.61,69,28,7.61,scattered clouds
614,Seymchan,RU,62.8833,152.4333,5.9,87,100,7.56,overcast clouds
615,Pareora,NZ,-44.4871,171.2132,51.19,97,2,16.33,clear sky
616,Svetlyy,RU,54.675,20.1347,50.05,61,20,9.31,few clouds
617,Okoneshnikovo,RU,54.8377,75.0834,29.19,41,100,10.8,overcast clouds
618,Sumenep,ID,-7.0167,113.8667,82.98,75,100,3.83,heavy intensity rain
619,Neiafu,TO,-18.65,-173.9833,77.68,69,75,8.05,broken clouds
620,Nouadhibou,MR,20.931,-17.0347,76.98,61,5,12.66,clear sky
621,Tommot,RU,58.9564,126.2925,11.23,91,22,2.82,few clouds
622,Bronnoysund,NO,65.4625,12.1997,50.0,87,90,13.8,overcast clouds
623,Viransehir,TR,37.2353,39.7631,61.68,65,83,15.5,broken clouds
624,Dwarka,IN,22.2394,68.9678,81.95,49,52,9.33,broken clouds
625,Faya,SA,18.3851,42.4509,70.32,34,53,9.78,broken clouds
626,Lufilufi,WS,-13.8745,-171.5986,74.98,76,100,19.66,overcast clouds
627,Severo-Yeniseyskiy,RU,60.3725,93.0408,16.52,81,100,13.22,overcast clouds
628,Vega De Alatorre,MX,20.0333,-96.6333,79.12,59,37,3.74,scattered clouds
629,Kurayoshi,JP,35.4333,133.8167,57.02,74,100,4.63,moderate rain
630,Montanha,BR,-18.1269,-40.3633,83.37,54,76,9.73,broken clouds
631,Namibe,AO,-15.1961,12.1522,71.08,72,76,10.58,broken clouds
632,Ejura,GH,7.3856,-1.3562,87.44,62,100,1.54,overcast clouds
633,Ambulu,ID,-8.345,113.6058,76.93,91,77,2.57,broken clouds
634,Kingston,JM,17.997,-76.7936,86.95,72,20,8.01,few clouds
635,Liverpool,GB,53.4106,-2.9779,55.35,73,40,1.01,scattered clouds
636,Conceicao Do Araguaia,BR,-8.2578,-49.2647,97.14,30,42,6.44,scattered clouds
637,Deputatskiy,RU,69.3,139.9,-8.28,99,93,5.77,overcast clouds
638,Tianpeng,CN,30.9866,103.9393,61.27,88,100,5.08,light rain
639,Saint-Augustin,CA,51.226,-58.6502,51.3,32,6,5.68,clear sky
640,Pendleton,US,45.6721,-118.7886,41.43,81,75,0.0,broken clouds
641,Bongandanga,CD,1.5,21.05,75.76,88,100,2.68,overcast clouds
642,Iwanai,JP,42.9744,140.5089,44.06,83,94,3.98,overcast clouds
643,Rayong,TH,12.8333,101.4333,81.79,99,100,2.55,overcast clouds
644,Carballo,ES,43.213,-8.691,64.87,83,100,7.09,overcast clouds
645,Constitucion,CL,-35.3333,-72.4167,65.53,58,100,13.73,overcast clouds
646,Darhan,MN,49.4867,105.9228,31.89,45,2,7.52,clear sky
647,Riverton,US,40.5219,-111.9391,57.85,62,1,5.01,clear sky
648,Gualeguaychu,AR,-33.0094,-58.5172,89.04,32,3,9.53,clear sky
649,Changping,CN,40.2186,116.2197,58.96,29,100,18.01,overcast clouds
650,Tangkak,MY,2.2673,102.5453,78.67,93,98,2.37,overcast clouds
651,Sao Paulo De Olivenca,BR,-3.3783,-68.8725,92.79,49,41,2.35,scattered clouds
652,Kenner,US,29.9941,-90.2417,63.0,66,11,8.01,few clouds
653,Yabrud,SY,33.9674,36.6574,62.26,54,88,3.38,overcast clouds
654,Itarema,BR,-2.9248,-39.9167,85.68,59,58,14.12,broken clouds
655,Caxito,AO,-8.5785,13.6643,81.25,70,90,10.42,overcast clouds
656,Hirara,JP,24.8,125.2833,75.43,74,72,12.68,broken clouds
657,Coari,BR,-4.085,-63.1414,92.71,48,80,1.63,broken clouds
658,Takoradi,GH,4.8845,-1.7554,83.19,74,87,11.23,overcast clouds
659,Pozo Colorado,PY,-23.4923,-58.7972,71.65,95,100,1.61,overcast clouds
660,Nantucket,US,41.2835,-70.0995,61.03,91,46,22.75,scattered clouds
661,Krasnoselkup,RU,65.7,82.4667,1.38,100,90,4.94,overcast clouds
662,Reoti,IN,25.85,84.3833,70.34,57,13,6.58,few clouds
663,Mindelo,CV,16.8901,-24.9804,81.95,61,40,23.02,scattered clouds
664,Maldonado,UY,-34.6667,-54.9167,79.99,57,44,11.39,scattered clouds
665,Morondava,MG,-20.2833,44.2833,76.1,74,14,12.73,few clouds
666,Coahuayana,MX,18.7333,-103.6833,85.17,66,0,0.69,clear sky
667,Manakara,MG,-22.1333,48.0167,71.55,79,85,7.7,overcast clouds
668,Chimbote,PE,-9.0853,-78.5783,65.17,79,96,6.4,overcast clouds
669,Farafangana,MG,-22.8167,47.8333,71.08,76,58,7.61,broken clouds
670,Cristalina,BR,-16.7686,-47.6136,82.35,34,67,6.53,broken clouds
671,Trutnov,CZ,50.561,15.9127,56.66,57,81,14.81,broken clouds
672,Abu Kamal,SY,34.4506,40.9171,77.99,32,100,10.94,overcast clouds
673,Atar,MR,20.5169,-13.0499,80.65,47,100,6.91,overcast clouds
674,Moerai,PF,-22.4333,-151.3333,71.67,61,12,16.62,few clouds
675,Kapoeta,SS,4.7717,33.5903,88.11,32,54,12.08,broken clouds
676,Batagay,RU,67.6333,134.6333,-6.56,99,73,2.89,broken clouds
677,Pontes E Lacerda,BR,-15.2261,-59.3353,100.65,31,19,2.59,few clouds
678,Rabo De Peixe,PT,37.8,-25.5833,74.28,91,75,17.27,broken clouds
